{"result": 100, "data": {"retcode": 0, "code": 0, "subcode": 0, "lyric": "[ti:圆周率]\n[ar:GAI周延]\n[al:圆周率]\n[by:tingting_karakal]\n[offset:0]\n[00:00.00]圆周率 - GAI周延\n[00:01.91]词：GAI周延\n[00:03.82]曲：老道\n[00:05.73]编曲：K11/老道\n[00:07.64]混音：老道\n[00:09.55]录音：老道\n[00:11.46]出品：Door & Key Music\n[00:13.37]企划/宣发：能量悦动\n[00:15.29]看他们赚得好辛苦\n[00:17.01]好多的帐算不清楚\n[00:18.77]不要问我到底哪个\n[00:20.61]一定要记到我叮嘱\n[00:22.46]当用尽所有的运气\n[00:24.21]找不到存在的意义\n[00:26.14]魔咒在脑海中循环\n[00:27.96]没办法权衡它利弊\n[00:29.27]我就是你算不清的圆周率\n[00:31.17]买台benz项链换了戴块玉\n[00:33.08]从头到尾顺的不用换手气\n[00:34.59]出入任何场合都是大手笔\n[00:36.76]没得错老子们还是黑狂\n[00:38.54]手里面四个二加一堆王\n[00:40.45]以前穷现在富更加膨胀\n[00:42.26]衣服角铲人我认不到黄\n[00:43.86]3.1415926也叫做派\n[00:47.45]我想成功的关键值\n[00:49.13]有可能也叫做GAI\n[00:51.15]虽然数学成绩不好\n[00:52.93]圆周率也算不来\n[00:54.70]我会把数字都变成存款\n[00:56.90]留给我儿败\n[00:58.47]\n[01:13.82]他们把歌写的那么复杂\n[01:15.32]到最后还是没得人听\n[01:17.30]中文要退去所有的浮华\n[01:18.98]深邃悠久才能获得人心\n[01:20.70]\n[01:21.25]G-A-I bingo\n[01:22.99]Chinese vibe right here bingo\n[01:24.57]代表成功的概率 en bingo\n[01:26.34]你的生活费我晓得只能够靠拼凑\n[01:28.58]当我戳穿那些阴谋诡计\n[01:30.24]为家人为兄弟争一口气\n[01:32.05]脖子上仰 看my tattoo 写力\n[01:34.00]敌对者全变的低声下气\n[01:35.55]那些所谓老板 咋个在超\n[01:37.66]年收入还没我 缴的税高\n[01:39.35]硬货比起对拷 档案永不会消\n[01:41.16]7位数的出场费我装了几百背包\n[01:43.40]\n[01:57.85]3.1415926也叫做派\n[02:01.35]我想成功的关键值\n[02:03.05]有可能也叫做GAI\n[02:05.08]虽然数学成绩不好\n[02:06.84]圆周率也算不来\n[02:08.65]我会把数字都变成存款\n[02:11.06]留给我儿败", "trans": ""}}